"Sample","Habitat","Overall_FRR"
"IT-H1","Intertidal",76.2176560121766
"IT-H2","Intertidal",84.2846270928463
"IT-H3","Intertidal",86.3774733637747
"IT-H4","Intertidal",78.1963470319635
"IT-H5","Intertidal",49.0106544901065
"IT-H6","Intertidal",60.0456621004566
"ST-H1","Subtidal",74.3911719939117
"ST-H2","Subtidal",55.2130898021309
"ST-H3","Subtidal",26.4840182648402
"ST-H4","Subtidal",61.0350076103501
"ST-H5","Subtidal",49.8477929984779
"ST-H6","Subtidal",65.8675799086758
