"dataset","samples","mean_goods_coverage","min_goods_coverage"
"Genus",81,0.999496798995931,0.998705474589719
"KO",81,0.995806531243712,0.988605677402358
