"Group","rho_B_occ","rho_B_Hstd","kappa_B_occ","kappa_B_Hstd"
"IT",0.693660183464582,0.981092049481792,0.477894736842105,0.869565217391304
"ST",0.832828302831384,0.985940266768893,0.564344788250392,0.85030201586493
